wetland_id,ratio_b_to_f_1
22,0.3875493036576014
37,0.986008079825928
41,0.5950142400974432
54,0.13260276479744498
55,0.9338134886774173
59,1
60,0.4261229952107794
62,0.506301977007429
69,0.2325908147931325
109,0.5157569141978476
127,0.2610968609481585
41B,0.2017948276898667
109B,0.13622482563021357
69B,0.1475204473092158
