wetland_id,ratio_b_to_f_1,Site
22,0.3875493036576014,Ceylon WMA
37,0.986008079825928,Ceylon WMA
41,0.5950142400974432,Ceylon WMA
54,0.13260276479744498,Ceylon WMA
55,0.9338134886774173,Ceylon WMA
59,1,Ceylon WMA
60,0.4261229952107794,Ceylon WMA
62,0.506301977007429,Ceylon WMA
69,0.2325908147931325,Ceylon WMA
109,0.5157569141978476,Ceylon WMA
127,0.2610968609481585,Ceylon WMA
41B,0.2017948276898667,Ceylon WMA
109B,0.13622482563021357,Ceylon WMA
69B,0.1475204473092158,Ceylon WMA
